Iterations,1,2,3,4,5,6,7,8,9,10,11,12,13,14,15,16,17,18,19,20,21,22,23,24,25,26,27,28,29,30,31,32,33,34,35,36,37,38,39,40,41,42,43,44,45,46,47,48,49,50,51,52,53,54,55,56,57,58,59,60,61,62,63,64,65,66,67,68,69,70,71,72,73,74,75,76,77,78,79,80,81,82,83,84,85,86,87,88,89,90,91,92,93,94,95,96,97,98,99,100,101,102,103,104,105,106,107,108,109,110,111,112,113,114,115,116,117,118,119,120,121,122,123,124,125,126,127,128,129,130,131,132,133,134,135,136,137,138,139,140,141,142,143,144,145,146,147,148,149,150,151,152,153,154,155,156,157,158,159,160,161,162,163,164,165,166,167,168,169,170,171,172,173,174,175,176,177,178,179,180,181,182,183,184,185,186,187,188,189,190,191,192,193,194,195,196,197,198,199,200,201,202,203,204,205,206,207,208,209,210,211,212,213,214,215,216,217,218,219,220,221,222,223,224,225,226,227,228,229,230,231,232,233,234,235,236,237,238,239,240,241,242,243,244,245,246,247,248,249,250,251,252,253,254,255,256,257,258,259,260,261,262,263,264,265,266,267,268,269,270,271,272,273,274,275,276,277,278,279,280,281,282,283,284,285,286,287,288,289,290,291,292,293,294,295,296,297,298,299,300,301,302,303,304,305,306,307,308,309,310,311,312,313,314,315,316,317,318,319,320,321,322,323,324,325,326,327,328,329,330,331,332,333,334,335,336,337,338,339,340,341,342,343,344,345,346,347,348,349,350,351,352,353,354,355,356,357,358,359,360,361,362,363,364,365,366,367,368,369,370,371,372,373,374,375,376,377,378,379,380,381,382,383,384,385,386,387,388,389,390,391,392,393,394,395,396,397,398,399,400,401,402,403,404,405,406,407,408,409,410,411,412,413,414,415,416,417,418,419,420,421,422,423,424,425,426,427,428,429,430,431,432,433,434,435,436,437,438,439,440,441,442,443,444,445,446,447,448,449,450,451,452,453,454,455,456,457,458,459,460,461,462,463,464,465,466,467,468,469,470,471,472,473,474,475,476,477,478,479,480,481,482,483,484,485,486,487,488,489,490,491,492,493,494,495,496,497,498,499,500,501,502,503,504,505,506,507,508,509,510,511,512,513,514,515,516,517,518,519,520,521,522,523,524,525,526,527,528,529,530,531,532,533,534,535,536,537,538,539,540,541,542,543,544,545,546,547,548,549,550,551,552,553,554,555,556,557,558,559,560,561,562,563,564,565,566,567,568,569,570,571,572,573,574,575,576,577,578,579,580,581,582,583,584,585,586,587,588,589,590,591,592,593,594,595,596,597,598,599,600,601,602,603,604,605,606,607,608,609,610,611,612,613,614,615,616,617,618,619,620,621,622,623,624,625,626,627,628,629,630,631,632,633,634,635,636,637,638,639,640,641,642,643,644,645,646,647,648,649,650,651,652,653,654,655,656,657,658,659,660,661,662,663,664,665,666,667,668,669,670,671,672,673,674,675,676,677,678,679,680,681,682,683,684,685,686,687,688,689,690,691,692,693,694,695,696,697,698,699,700,701,702,703,704,705,706,707,708,709,710,711,712,713,714,715,716,717,718,719,720,721,722,723,724,725,726,727,728,729,730,731,732,733,734,735,736,737,738,739,740,741,742,743,744,745,746,747,748,749,750,751,752,753,754,755,756,757,758,759,760,761,762,763,764,765,766,767,768,769,770,771,772,773,774,775,776,777,778,779,780,781,782,783,784,785,786,787,788,789,790,791,792,793,794,795,796,797,798,799,800,801,802,803,804,805,806,807,808,809,810,811,812,813,814,815,816,817,818,819,820,821,822,823,824,825,826,827,828,829,830,831,832,833,834,835,836,837,838,839,840,841,842,843,844,845,846,847,848,849,850,851,852,853,854,855,856,857,858,859,860,861,862,863,864,865,866,867,868,869,870,871,872,873,874,875,876,877,878,879,880,881,882,883,884,885,886,887,888,889,890,891,892,893,894,895,896,897,898,899,900,901,902,903,904,905,906,907,908,909,910,911,912,913,914,915,916,917,918,919,920,921,922,923,924,925,926,927,928,929,930,931,932,933,934,935,936,937,938,939,940,941,942,943,944,945,946,947,948,949,950,951,952,953,954,955,956,957,958,959,960,961,962,963,964,965,966,967,968,969,970,971,972,973,974,975,976,977,978,979,980,1,982,983,984,985,986,987,988,989,990,991,992,993,994,995,996,997,998,999,1000
Iterations,1,2,3,4,5,6,7,8,9,10,11,12,13,14,15,16,17,18,19,20,21,22,23,24,25,26,27,28,29,30,31,32,33,34,35,36,37,38,39,40,41,42,43,44,45,46,47,48,49,50,51,52,53,54,55,56,57,58,59,60,61,62,63,64,65,66,67,68,69,70,71,72,73,74,75,76,77,78,79,80,81,82,83,84,85,86,87,88,89,90,91,92,93,94,95,96,97,98,99,100,101,102,103,104,105,106,107,108,109,110,111,112,113,114,115,116,117,118,119,120,121,122,123,124,125,126,127,128,129,130,131,132,133,134,135,136,137,138,139,140,141,142,143,144,145,146,147,148,149,150,151,152,153,154,155,156,157,158,159,160,161,162,163,164,165,166,167,168,169,170,171,172,173,174,175,176,177,178,179,180,181,182,183,184,185,186,187,188,189,190,191,192,193,194,195,196,197,198,199,200,201,202,203,204,205,206,207,208,209,210,211,212,213,214,215,216,217,218,219,220,221,222,223,224,225,226,227,228,229,230,231,232,233,234,235,236,237,238,239,240,241,242,243,244,245,246,247,248,249,250,251,252,253,254,255,256,257,258,259,260,261,262,263,264,265,266,267,268,269,270,271,272,273,274,275,276,277,278,279,280,281,282,283,284,285,286,287,288,289,290,291,292,293,294,295,296,297,298,299,300,301,302,303,304,305,306,307,308,309,310,311,312,313,314,315,316,317,318,319,320,321,322,323,324,325,326,327,328,329,330,331,332,333,334,335,336,337,338,339,340,341,342,343,344,345,346,347,348,349,350,351,352,353,354,355,356,357,358,359,360,361,362,363,364,365,366,367,368,369,370,371,372,373,374,375,376,377,378,379,380,381,382,383,384,385,386,387,388,389,390,391,392,393,394,395,396,397,398,399,400,401,402,403,404,405,406,407,408,409,410,411,412,413,414,415,416,417,418,419,420,421,422,423,424,425,426,427,428,429,430,431,432,433,434,435,436,437,438,439,440,441,442,443,444,445,446,447,448,449,450,451,452,453,454,455,456,457,458,459,460,461,462,463,464,465,466,467,468,469,470,471,472,473,474,475,476,477,478,479,480,481,482,483,484,485,486,487,488,489,490,491,492,493,494,495,496,497,498,499,500,501,502,503,504,505,506,507,508,509,510,511,512,513,514,515,516,517,518,519,520,521,522,523,524,525,526,527,528,529,530,531,532,533,534,535,536,537,538,539,540,541,542,543,544,545,546,547,548,549,550,551,552,553,554,555,556,557,558,559,560,561,562,563,564,565,566,567,568,569,570,571,572,573,574,575,576,577,578,579,580,581,582,583,584,585,586,587,588,589,590,591,592,593,594,595,596,597,598,599,600,601,602,603,604,605,606,607,608,609,610,611,612,613,614,615,616,617,618,619,620,621,622,623,624,625,626,627,628,629,630,631,632,633,634,635,636,637,638,639,640,641,642,643,644,645,646,647,648,649,650,651,652,653,654,655,656,657,658,659,660,661,662,663,664,665,666,667,668,669,670,671,672,673,674,675,676,677,678,679,680,681,682,683,684,685,686,687,688,689,690,691,692,693,694,695,696,697,698,699,700,701,702,703,704,705,706,707,708,709,710,711,712,713,714,715,716,717,718,719,720,721,722,723,724,725,726,727,728,729,730,731,732,733,734,735,736,737,738,739,740,741,742,743,744,745,746,747,748,749,750,751,752,753,754,755,756,757,758,759,760,761,762,763,764,765,766,767,768,769,770,771,772,773,774,775,776,777,778,779,780,781,782,783,784,785,786,787,788,789,790,791,792,793,794,795,796,797,798,799,800,801,802,803,804,805,806,807,808,809,810,811,812,813,814,815,816,817,818,819,820,821,822,823,824,825,826,827,828,829,830,831,832,833,834,835,836,837,838,839,840,841,842,843,844,845,846,847,848,849,850,851,852,853,854,855,856,857,858,859,860,861,862,863,864,865,866,867,868,869,870,871,872,873,874,875,876,877,878,879,880,881,882,883,884,885,886,887,888,889,890,891,892,893,894,895,896,897,898,899,900,901,902,903,904,905,906,907,908,909,910,911,912,913,914,915,916,917,918,919,920,921,922,923,924,925,926,927,928,929,930,931,932,933,934,935,936,937,938,939,940,941,942,943,944,945,946,947,948,949,950,951,952,953,954,955,956,957,958,959,960,961,962,963,964,965,966,967,968,969,970,971,972,973,974,975,976,977,978,979,980,981,982,983,984,985,986,987,988,989,990,991,992,993,994,995,996,997,998,999,1000
Value Iteration,1693,3646,290,151,49,28,27,26,24,34,35,27,28,30,29,28,32,26,31,26,28,26,31,26,32,30,23,29,24,26,35,22,27,27,28,30,24,25,26,24,25,23,28,27,27,26,23,31,23,25,39,29,28,41,23,30,34,25,23,26,24,36,30,25,30,32,32,23,23,27,30,25,43,23,32,25,25,34,22,36,22,25,36,32,24,26,32,27,41,26,29,26,40,35,25,23,25,30,24,26,27,32,23,24,26,23,22,23,40,25,26,24,31,23,24,26,33,22,25,40,26,26,23,24,24,31,26,30,26,36,26,30,22,21,31,27,32,30,30,32,31,27,35,31,26,25,25,37,32,25,28,25,27,23,35,25,30,27,28,36,24,22,29,41,24,25,33,26,31,27,28,26,23,27,34,29,22,25,25,43,30,28,25,32,28,28,31,36,25,22,33,21,31,25,32,25,28,27,37,26,29,30,34,26,32,24,22,21,32,28,29,24,33,34,24,35,28,23,28,27,31,27,30,32,24,22,32,31,30,35,33,34,32,27,26,26,34,36,23,29,33,23,30,28,28,27,26,24,27,30,22,26,26,39,28,31,25,31,35,24,21,28,29,35,32,26,32,34,24,21,22,27,35,30,26,27,35,31,22,30,28,29,29,29,30,27,41,23,26,26,24,27,31,31,31,26,27,31,27,22,24,35,25,31,22,26,31,33,28,24,24,26,25,23,23,25,31,21,22,34,23,24,30,25,31,22,29,24,37,25,28,23,21,26,34,25,25,22,23,29,26,29,26,24,35,27,26,26,25,48,27,21,29,31,23,23,23,23,23,21,25,24,30,43,24,32,27,21,35,33,27,24,29,24,33,30,26,39,25,25,29,29,23,28,27,28,27,30,23,30,34,38,25,27,24,24,21,30,29,27,24,35,24,27,26,28,25,25,28,27,26,38,24,27,31,21,21,26,27,29,38,24,24,32,41,31,24,32,31,29,26,27,29,39,25,26,27,27,26,23,24,28,38,23,30,27,25,22,25,23,29,39,23,32,34,30,24,28,24,39,30,26,24,24,25,29,32,23,28,25,42,24,24,27,28,24,22,22,24,33,31,24,31,30,25,28,27,23,38,39,26,33,25,28,30,26,28,35,25,26,35,25,30,28,23,30,26,29,28,41,36,29,23,26,24,28,31,25,31,30,27,36,29,28,27,29,44,29,24,32,22,23,34,30,27,31,28,38,32,25,35,28,28,32,27,22,31,34,28,28,25,26,23,24,28,26,34,31,38,33,32,21,29,22,22,29,31,25,28,30,28,31,24,31,30,29,26,30,34,23,28,29,34,24,22,26,25,31,25,34,27,24,24,28,25,31,34,21,33,26,25,24,24,24,24,21,30,32,27,25,33,25,27,24,23,27,36,29,25,26,40,27,28,24,31,27,23,32,28,25,35,24,25,21,31,27,29,26,30,23,31,35,36,28,38,25,23,26,37,32,39,26,29,31,24,34,38,31,22,23,38,24,24,28,24,25,25,33,23,26,26,27,28,27,30,26,27,31,25,29,33,26,30,25,30,30,29,27,22,27,34,35,32,25,29,25,26,25,34,23,21,39,34,28,33,24,24,34,26,35,23,31,29,28,27,28,28,32,24,31,31,33,26,37,30,33,23,28,34,37,27,37,25,28,25,34,39,33,24,24,26,29,29,26,24,27,23,30,26,24,27,29,31,25,31,30,37,30,26,27,24,31,29,33,31,30,24,30,31,28,25,23,29,29,32,26,27,29,23,21,38,24,24,25,27,24,31,25,23,29,31,27,37,34,26,27,40,26,31,39,23,25,21,27,25,29,36,22,22,28,25,26,27,32,26,24,27,28,30,26,22,27,26,29,25,28,26,32,31,29,40,23,27,31,29,32,22,38,25,28,24,25,26,22,25,30,29,27,32,26,39,25,30,28,37,26,30,41,35,30,24,23,31,30,25,28,34,31,33,28,21,22,27,28,27,31,27,28,25,33,22,25,22,32,30,28,42,27,28,33,29,24,29,33,32,37,24,26,21,21,28,33,31,28,33,21,26,24,33,31,32,26,39,31,25,28,27,31,28,22,26,27,28,33,26,27,24,26,21,28,29,24,34,28,27,24,24,26,29,37,33,29,24,21,30,25,29,30,25,31,21,35,34,25,27,25,29,30,35,24,29,26,27,27,27,24,31,30,28,39,27,31,26,41,28,24,24,27,23,26,21,35,25,39,30,24,29,28,23,38,27,32,25,33,26,27,25,28,33,23
Policy Iteration,3494,9732,4403,801,1083,219,583,92,206,48,27,31,29,26,28,31,25,21,24,36,29,46,23,36,29,29,23,26,24,23,29,24,30,24,43,32,29,26,27,23,37,29,27,29,31,26,27,24,31,27,24,22,29,28,25,24,27,26,22,24,31,25,28,25,23,28,23,30,23,25,32,30,39,29,40,27,26,25,23,25,26,31,21,29,27,22,21,25,27,28,31,25,37,32,25,21,23,34,28,31,22,29,33,26,28,31,21,26,29,24,22,27,28,29,23,24,23,33,21,33,28,23,22,29,21,27,28,31,27,28,31,25,22,25,24,31,26,27,39,31,34,34,24,27,27,23,30,26,30,29,22,24,24,22,39,26,38,30,26,27,26,25,27,32,33,30,27,24,26,26,28,23,24,38,31,27,24,32,28,29,25,25,26,24,23,27,35,26,32,30,23,24,32,30,27,31,31,32,23,22,36,24,23,25,27,35,26,32,25,32,25,29,43,25,30,21,25,29,23,25,31,28,32,24,28,29,26,23,26,22,33,30,29,31,24,23,26,36,31,21,29,27,31,27,28,27,23,32,23,32,28,28,37,32,35,33,25,36,30,23,32,25,26,24,30,37,26,28,26,24,29,30,26,35,27,27,33,22,26,30,31,32,32,33,26,22,24,28,23,39,25,35,36,32,30,28,31,31,26,33,25,29,27,23,39,32,23,25,24,28,38,24,24,36,21,42,22,33,28,30,27,32,28,25,25,29,27,34,26,23,41,35,26,29,34,27,26,28,30,38,29,32,22,26,33,24,32,24,24,25,24,33,21,42,24,34,26,26,28,31,24,29,37,33,32,31,30,35,26,23,28,32,38,27,33,29,25,25,31,33,28,32,32,25,25,23,22,23,22,29,24,29,32,30,27,31,26,22,22,26,31,26,30,34,24,25,32,28,37,28,26,28,23,31,29,31,25,29,27,24,22,34,33,29,27,22,33,31,26,30,25,28,21,30,33,26,31,26,31,25,25,26,25,31,26,34,28,26,28,31,24,24,26,23,27,26,28,24,25,29,26,37,29,23,28,30,27,26,27,32,25,38,29,37,27,30,35,30,24,31,28,23,30,24,28,35,36,22,28,29,37,25,32,30,21,23,24,32,30,24,36,23,28,32,30,27,29,27,33,24,31,27,27,29,23,33,31,23,25,26,31,25,25,28,23,28,23,28,39,29,24,25,23,29,28,33,25,25,43,35,36,30,28,25,34,26,23,29,29,34,32,28,30,32,27,36,29,32,30,28,30,30,25,32,32,27,30,24,34,31,35,27,27,24,32,23,32,24,25,29,29,41,25,26,23,24,27,23,27,36,27,25,26,28,34,31,34,27,29,29,29,24,23,32,29,28,34,26,35,33,29,34,39,24,28,23,23,24,27,26,36,32,23,29,26,22,26,34,30,27,35,22,24,24,24,24,23,24,28,26,30,34,22,27,23,34,37,27,27,22,36,22,34,27,44,23,24,28,38,24,27,31,24,28,27,30,25,28,24,27,35,26,37,26,21,27,26,26,23,23,41,25,27,37,23,33,33,29,32,25,29,30,31,24,23,24,39,32,28,27,29,33,24,26,23,34,29,23,24,26,23,30,25,23,28,26,28,23,28,30,26,26,28,22,25,21,27,31,36,26,28,21,25,37,25,26,29,24,24,29,27,32,27,31,41,28,28,22,28,29,33,25,26,29,31,26,28,30,30,28,23,23,22,32,28,32,33,31,25,32,31,37,23,33,27,23,34,22,43,34,31,25,25,30,25,26,35,33,26,28,33,25,26,23,27,30,26,35,30,28,27,31,26,31,32,32,32,21,21,23,21,23,29,24,31,24,28,26,35,30,24,26,25,25,28,26,26,26,26,25,32,31,30,29,29,27,25,31,26,27,25,34,33,29,32,30,32,29,24,27,29,37,28,29,28,32,28,23,30,33,24,26,35,23,26,29,25,22,34,23,26,31,30,22,29,31,25,29,29,40,27,26,23,25,34,36,26,29,27,22,24,42,24,27,30,31,47,31,28,41,33,25,29,28,26,36,28,34,34,28,24,34,36,30,28,31,27,21,28,34,25,27,21,28,26,30,26,26,30,26,26,31,22,25,23,28,34,21,28,34,21,34,30,30,23,26,29,26,26,23,29,30,28,27,23,25,34,35,29,25,29,34,25,29,28,29,37,30,21,27,28,25,29,29,23,27,23,23,23,34,28,23,27,32,29,26,26,24,26,30,21,30,27,29,28,26,27,28,25,30
Q Learning,295,164,382,659,389,208,306,128,236,207,107,753,318,87,47,61,186,110,96,96,108,127,73,36,103,55,88,51,78,39,88,53,279,54,406,68,565,46,46,32,59,42,63,39,44,37,121,53,82,70,45,27,36,51,111,62,41,53,29,48,258,105,50,46,127,73,40,84,254,29,39,109,60,42,360,112,36,38,29,51,54,138,77,148,175,234,266,70,62,47,41,28,47,45,67,39,91,57,61,47,51,98,84,79,42,114,94,90,65,125,82,92,162,183,53,58,58,108,32,58,327,166,61,59,81,118,37,43,36,38,152,85,111,52,97,23,46,58,141,37,73,75,61,46,55,31,78,62,47,140,96,58,158,131,32,78,56,177,52,29,75,227,35,63,206,26,54,92,42,123,49,33,155,67,102,29,31,65,38,24,214,90,138,196,63,124,97,343,51,86,44,53,47,41,41,202,82,266,51,75,36,76,52,214,159,109,82,112,87,24,50,58,70,67,116,44,54,75,39,65,202,65,120,106,61,107,53,28,133,234,45,102,103,35,310,345,243,72,36,212,39,56,174,61,34,31,86,53,71,47,38,40,37,102,45,59,169,63,425,54,59,28,39,78,44,43,126,81,59,111,67,107,50,71,63,100,108,32,40,47,251,72,126,88,64,62,46,53,86,80,90,43,56,49,304,43,61,201,132,51,96,68,62,80,106,144,118,55,63,66,96,80,28,40,104,68,66,57,75,95,60,48,106,46,60,43,84,67,119,27,41,149,33,64,468,43,35,58,176,42,83,32,56,267,58,34,49,107,47,150,78,70,106,100,76,57,82,30,45,62,64,72,71,94,70,34,32,42,51,79,105,67,37,120,104,76,70,45,34,34,69,44,81,37,52,55,168,68,40,62,451,41,36,42,157,33,70,145,54,34,130,55,31,66,88,51,29,210,109,99,167,73,77,104,95,44,62,210,52,95,34,57,56,327,39,63,153,54,81,53,125,118,64,37,39,47,76,48,117,49,24,45,44,79,42,111,63,114,38,73,39,69,192,56,32,136,34,64,420,37,70,51,70,47,63,54,44,119,60,221,82,44,29,30,130,102,82,53,34,29,65,125,107,35,45,122,104,88,76,63,83,95,24,223,58,47,48,26,62,163,235,97,50,39,35,46,53,47,71,219,78,107,65,56,100,103,68,90,55,89,36,63,39,1765,60,277,597,52,63,95,45,28,69,27,54,41,29,124,70,47,48,68,94,35,64,303,52,38,57,35,37,36,51,50,69,239,37,39,40,93,39,71,77,54,125,51,35,227,56,76,79,70,41,43,91,40,49,71,97,50,83,39,70,74,53,83,97,39,39,37,73,80,59,105,93,33,130,38,103,30,52,46,81,69,57,66,153,23,33,52,49,36,72,51,80,46,132,36,93,49,59,61,131,47,38,42,75,78,34,103,132,49,138,65,64,414,119,115,55,155,83,271,99,103,59,40,40,52,107,98,79,49,92,43,32,44,29,34,81,79,27,44,29,214,117,49,152,37,50,86,37,52,215,89,51,72,41,93,134,40,30,61,221,69,99,33,42,241,73,63,235,100,47,461,123,78,112,308,81,100,84,99,219,29,348,38,200,69,120,62,53,33,106,34,60,225,62,81,32,54,38,30,49,58,54,91,82,58,69,63,28,65,51,158,65,107,41,85,148,48,33,91,39,56,88,206,149,77,100,52,103,58,87,27,35,74,64,79,92,160,73,48,37,57,87,48,93,63,122,29,44,97,102,74,92,56,42,102,126,45,32,84,105,38,31,83,41,65,66,30,38,32,53,27,78,42,47,71,161,203,86,80,36,48,40,73,68,58,106,39,26,60,306,65,50,71,35,45,69,41,61,35,37,46,41,94,169,42,45,78,142,34,203,47,58,48,36,80,40,33,46,44,212,74,63,42,812,113,52,79,33,34,128,47,28,105,64,41,64,182,44,51,52,60,42,50,192,104,77,28,114,154,158,75,144,56,56,156,100,116,56,39,42,37,86,45,57,462,34,71,145,45,44,167,55,33,65,65,59,34,39,166,129,31,110,77,156,74,29,27,71,35,49,54,44,398,80,39,51,42,26,64,25,93,35,30,82,61,91,64,58,117,36,108,47,29,44,112,41,81,136,132,36,110,30,131,127,37,146,52,44,51,34,91,152,127,107,64,43,63,35,391,58,29,110,33,60,118,38,95,29,80,44,189,33,138,118,270,38,127,40,138,35,138,63,53,46,44,48,37,42,44,138,37,33,85,39,76,292,49
Value Iteration,32,8,3,4,9,7,6,7,8,15,8,9,10,11,16,18,14,14,14,21,16,19,18,21,36,43,39,24,21,21,26,23,30,24,40,28,29,47,56,60,66,42,30,29,33,32,39,34,39,34,38,34,39,36,42,68,96,99,96,93,91,46,45,50,47,48,48,65,50,56,54,52,53,52,68,79,75,69,63,60,121,137,134,138,134,82,61,67,72,67,66,71,72,75,76,79,70,77,71,74,71,75,72,81,74,82,81,81,82,83,83,84,85,85,82,83,88,86,84,84,83,84,85,86,89,87,87,124,91,90,90,92,89,93,93,95,95,96,99,99,98,98,98,97,98,102,99,102,103,104,105,103,104,107,106,109,108,110,114,118,112,115,116,120,114,117,122,113,121,114,117,118,117,123,120,122,119,122,123,128,121,127,127,128,125,128,131,128,134,126,136,140,134,137,147,143,134,140,135,141,145,138,141,145,142,141,143,146,150,143,142,149,144,151,146,145,152,150,153,150,148,151,156,152,151,163,163,173,162,203,176,173,175,169,173,175,164,174,170,172,182,185,177,179,175,173,171,165,171,171,175,170,176,180,178,175,174,175,176,176,177,179,178,179,179,179,184,182,183,182,183,182,182,185,188,185,186,215,194,187,194,194,189,205,206,202,207,211,212,214,214,211,205,201,201,215,235,218,229,217,212,239,256,230,219,214,234,322,302,262,253,238,280,328,296,274,241,230,231,233,237,232,237,232,232,234,245,236,237,234,252,257,244,237,239,240,241,241,245,239,242,241,244,246,249,247,249,244,243,248,257,267,251,252,255,250,251,271,257,253,258,256,260,259,263,265,263,261,267,262,266,266,266,272,276,270,272,271,271,275,351,280,299,280,281,293,278,270,274,271,275,293,273,263,262,264,264,270,269,269,271,269,271,269,272,273,278,272,272,275,275,295,275,279,277,277,280,286,296,294,287,282,310,299,291,293,290,284,318,288,288,288,291,290,295,291,290,289,296,294,295,294,298,315,305,301,299,297,300,298,301,300,303,301,306,305,318,304,323,314,307,309,322,389,333,327,358,336,335,337,337,333,335,317,320,320,319,318,331,323,319,320,329,321,331,328,326,323,325,332,372,420,347,363,356,402,400,357,334,351,367,357,370,358,392,449,346,366,440,391,359,359,468,458,368,380,386,492,362,356,361,413,399,361,362,356,365,385,364,358,373,389,360,395,391,374,411,387,398,374,356,375,465,506,490,505,480,417,488,412,530,483,414,374,394,399,387,393,480,424,376,368,381,394,447,441,379,381,369,371,377,413,398,393,387,403,394,403,408,496,499,439,401,454,410,432,391,429,432,427,449,496,422,392,393,403,428,423,467,472,436,423,405,400,418,422,428,467,410,403,416,425,478,427,425,412,416,425,433,425,412,424,437,435,435,418,420,443,438,505,436,460,449,427,484,455,471,452,441,463,492,431,473,439,489,439,428,429,430,458,562,446,429,441,449,487,454,475,541,466,456,436,448,472,443,461,468,499,463,468,477,511,480,441,463,462,489,511,488,462,466,468,468,469,469,485,472,479,459,461,472,464,446,451,451,450,445,449,451,470,487,507,536,459,465,473,493,489,484,493,517,495,523,504,487,500,499,519,506,472,483,528,481,505,518,507,494,537,548,476,488,508,507,498,489,507,494,509,511,478,527,592,535,555,532,669,582,498,508,539,536,510,532,500,525,544,517,573,541,545,529,604,618,536,525,606,537,579,524,549,590,564,617,585,566,662,616,854,628,592,583,565,603,607,574,562,543,646,551,537,577,662,574,575,534,616,541,518,527,531,530,525,533,536,611,563,566,564,541,547,558,541,553,540,529,587,550,545,540,542,549,527,530,522,537,569,529,540,556,607,549,541,536,531,606,562,532,535,538,550,542,544,541,545,543,553,546,537,567,556,545,542,554,613,581,569,563,557,560,565,561,561,561,556,564,553,562,566,559,565,563,566,563,563,566,563,579,639,566,558,568,563,563,597,582,764,686,686,675,674,640,617,698,665,683,677,677,605,626,585,583,598,600,593,600,602,612,587,589,611,605,603,604,605,620,647,592,637,605,616,612,606,613,606,603,610,617,610,608,613,612,657,631,627,619,619,613,608,611,602,609,601,602,602,619,635,630,628,686,615,610,622,612,605,609,604,610,607,611,617,626,614,613,615,620,611,619,610,625,622,613,615,626,639,641,641,642,649,674,669,651,647,645,646,666,649,703,656,656,661,637,644,680,692,716,674,680,657,660,658
Policy Iteration,5,5,5,6,8,8,10,12,17,15,17,18,22,37,26,23,23,27,30,30,29,41,50,34,34,36,35,39,44,70,43,44,50,45,47,60,73,50,50,61,60,55,91,71,59,59,64,69,67,68,67,69,69,70,71,74,77,78,84,97,84,81,85,90,90,88,94,97,96,94,96,105,98,99,99,101,103,113,108,124,130,134,127,124,120,111,115,115,124,122,118,124,125,124,123,127,129,128,133,138,153,154,144,156,157,149,141,161,146,162,146,147,149,152,153,148,150,159,157,158,163,162,162,184,179,171,175,178,190,177,186,192,184,182,197,192,191,198,183,188,198,188,190,196,189,194,197,194,207,194,203,231,201,203,205,205,202,240,206,212,219,219,232,217,248,222,233,228,222,232,223,232,234,226,228,226,242,247,271,275,273,277,294,268,252,257,246,252,253,252,254,250,253,257,251,255,253,258,278,261,261,271,266,270,266,273,282,285,281,281,316,282,280,284,293,282,291,289,289,297,288,295,303,291,317,301,295,301,301,300,301,306,302,303,361,311,309,333,332,323,356,353,340,326,339,341,364,344,323,348,370,357,344,334,348,334,330,336,366,347,345,361,346,340,396,355,366,370,361,348,350,348,351,354,352,356,356,354,360,359,358,394,363,361,365,367,367,371,368,374,371,374,378,374,387,381,399,402,384,388,388,385,390,390,414,409,393,441,396,422,422,417,428,424,419,420,422,467,444,492,546,431,423,426,431,429,439,439,429,435,438,444,438,437,471,447,443,448,446,452,451,452,466,477,460,454,458,460,458,460,467,461,466,464,465,460,465,473,467,477,473,477,488,525,488,479,477,482,482,486,487,489,490,521,489,488,494,492,496,499,498,504,495,502,503,508,505,508,505,510,520,513,525,516,514,517,556,522,524,536,526,530,541,532,548,532,546,534,536,535,539,537,545,566,540,544,547,544,547,549,557,559,561,555,557,563,556,562,560,567,565,562,564,567,568,579,563,575,580,596,581,575,578,586,578,585,582,582,587,588,618,591,590,620,610,598,598,601,598,606,601,606,606,604,609,612,608,616,612,621,613,617,696,663,618,621,622,623,632,633,635,632,625,632,632,647,640,642,648,637,644,637,644,645,644,648,653,649,688,653,654,652,657,664,668,660,661,667,665,670,686,668,666,672,670,676,676,677,682,685,678,691,703,708,688,685,689,685,696,695,691,699,698,697,699,702,702,728,710,708,704,740,710,712,709,710,717,713,716,718,724,722,724,753,722,753,726,729,730,738,733,737,736,766,731,741,745,748,742,740,749,745,755,751,748,782,756,761,753,757,755,762,793,764,767,765,787,767,767,796,777,799,776,777,777,778,784,784,778,802,790,808,786,790,788,800,795,794,811,794,798,800,801,804,799,806,802,807,834,812,842,814,811,816,821,816,822,824,890,823,830,836,851,833,829,861,836,838,832,837,841,855,848,858,850,844,846,842,843,845,852,850,852,849,855,879,868,857,866,858,865,879,871,870,862,868,878,866,900,899,877,902,882,876,879,902,880,920,888,892,888,892,894,895,890,908,906,903,901,932,903,902,897,909,933,911,910,919,911,913,923,947,915,918,937,937,926,921,931,924,926,933,933,958,935,939,937,938,947,947,945,952,976,944,948,954,963,952,950,955,953,976,956,956,957,978,970,962,966,972,968,963,995,976,974,977,974,979,981,978,991,1003,982,1035,990,1014,988,990,998,1005,998,996,999,1034,1025,1016,998,1008,1008,1005,1012,1019,1007,1012,1016,1021,1020,1046,1018,1022,1027,1016,1060,1050,1023,1022,1034,1034,1040,1045,1157,1116,1160,1120,1081,1059,1075,1085,1069,1084,1085,1068,1092,1128,1148,1123,1065,1064,1064,1061,1112,1101,1067,1086,1090,1068,1069,1068,1069,1066,1097,1108,1088,1078,1073,1077,1079,1077,1083,1093,1086,1087,1090,1091,1094,1095,1098,1164,1114,1096,1104,1105,1106,1109,1121,1106,1126,1106,1107,1122,1113,1115,1111,1120,1120,1114,1136,1123,1124,1137,1128,1122,1133,1124,1151,1210,1130,1137,1130,1132,1134,1137,1136,1139,1145,1148,1156,1160,1145,1149,1142,1153,1155,1170,1204,1191,1163,1152,1161,1161,1200,1181,1164,1177,1167,1170,1189,1199,1205,1206,1193,1209,1196,1176,1177,1186,1184,1208,1190,1215,1190,1213,1206,1192,1194,1233,1220,1206,1228,1200,1195,1203,1204,1228,1245,1212,1225,1239,1215,1229,1217,1223,1221,1218,1224,1236,1227,1254,1234,1233,1258,1228,1266,1243,1236,1257,1235,1270,1237,1238,1246,1249,1246,1255,1246,1255,1256,1250,1254,1250,1253,1255,1258,1260,1325,1255,1269,1270,1280,1286,1269,1277,1270,1268,1274,1272,1279,1295,1278,1276,1311,1278,1292,1303,1297,1319,1542,1444,1603,1615,1426,1438,1409,1542,1523,1323,1306,1311,1319,1310
Q Learning,8,11,7,6,9,6,7,8,6,9,8,12,10,8,7,8,8,7,8,10,8,12,8,9,10,10,10,12,14,10,10,11,12,11,23,11,20,10,13,11,15,12,11,16,11,15,12,16,14,15,20,13,12,12,15,16,16,17,14,23,17,16,16,20,18,16,17,17,24,14,15,17,16,18,19,29,18,22,17,24,20,22,24,24,19,19,24,22,20,23,25,21,29,20,22,23,24,21,20,26,22,17,20,23,27,26,30,19,27,26,24,28,36,25,21,21,32,30,29,27,41,39,26,33,30,34,27,19,32,32,24,33,32,26,25,28,30,32,29,28,28,24,29,31,27,35,26,39,35,36,35,47,39,39,26,29,40,50,35,46,37,39,35,45,71,40,51,48,34,35,29,44,34,52,38,33,25,34,39,33,53,69,50,38,31,31,49,43,57,40,32,29,34,46,42,45,35,49,48,49,33,43,35,54,45,38,48,47,44,49,48,43,49,37,40,42,47,40,43,39,53,42,53,51,48,42,44,42,47,40,60,56,58,39,67,50,46,52,41,49,41,40,59,56,37,47,49,61,49,68,56,49,49,56,57,44,54,44,52,49,46,69,42,49,59,47,67,54,61,49,64,53,60,72,49,53,67,65,52,53,62,53,71,58,67,46,56,57,52,53,57,55,63,77,56,53,65,60,59,58,75,70,62,62,88,55,74,70,64,51,61,61,49,61,74,61,67,56,52,91,59,56,56,66,62,77,78,65,68,77,53,78,58,83,68,64,58,80,90,85,91,73,59,58,82,54,63,66,49,73,85,56,94,87,72,59,74,59,62,70,77,70,77,63,61,67,58,80,92,65,71,81,79,84,76,65,62,78,81,95,69,81,72,85,67,60,108,100,86,74,78,68,70,79,65,71,63,72,72,76,84,85,65,98,76,80,91,71,71,92,65,79,79,81,92,90,107,97,100,77,92,77,79,83,69,75,68,83,88,92,88,83,91,76,84,80,66,99,74,84,82,95,94,93,106,101,74,87,75,106,126,96,84,77,94,85,114,83,100,137,103,104,90,94,87,79,111,87,109,101,87,83,102,102,94,116,98,105,93,105,92,93,83,76,95,126,104,92,91,97,95,99,76,116,104,90,94,68,90,84,94,88,88,91,110,112,102,112,101,132,87,89,126,79,77,97,102,108,109,88,120,91,132,108,76,88,198,96,91,104,91,104,97,98,116,127,99,93,113,130,106,141,124,89,100,119,104,122,108,119,107,102,100,99,102,122,117,108,104,93,112,105,106,116,92,116,112,150,88,118,85,114,103,102,106,121,113,114,96,133,124,99,118,129,109,111,108,144,121,146,111,110,117,149,96,117,97,103,121,133,109,104,149,107,122,102,106,92,108,128,139,120,124,117,113,132,130,106,115,115,116,121,104,119,137,118,128,128,127,107,119,156,144,128,102,137,118,146,107,134,125,133,151,126,132,109,100,122,121,106,111,116,102,119,143,130,109,129,151,123,97,145,131,196,145,121,118,116,140,125,145,107,115,124,118,120,157,122,121,119,128,174,163,125,135,171,109,135,133,149,128,119,155,127,128,146,147,112,146,149,113,146,139,129,149,126,127,144,109,120,155,150,165,112,150,131,146,126,117,139,141,134,132,140,152,147,142,104,133,156,151,145,136,139,135,153,158,137,157,146,132,125,150,124,128,154,149,127,134,148,156,142,108,113,162,122,142,132,137,175,153,137,178,130,151,139,128,152,137,146,134,161,142,152,165,141,116,115,146,122,173,144,131,152,144,195,132,150,135,154,165,163,139,148,169,150,138,137,169,135,211,124,128,132,174,159,148,114,195,182,150,160,181,144,133,155,166,129,195,156,156,134,165,162,163,165,144,177,131,164,154,130,164,149,155,133,163,175,144,146,170,152,150,154,144,144,183,157,180,162,143,152,162,157,143,161,182,157,167,142,182,173,141,154,149,155,182,170,154,191,159,210,160,169,149,162,178,142,158,182,186,181,151,183,161,201,151,158,152,157,134,177,181,165,201,188,160,176,163,196,178,173,185,150,179,141,176,162,215,169,170,155,153,181,165,183,215,181,168,177,150,180,168,165,255,236,176,145,159,190,171,171,182,157,198,155,180,160,147,171,159,149,188,150,166,208,191,177,173,186,160,176,169,173,151,187,170,175,167,187,151,201,147,176,190,178,181,169,164,181,223,179,196,195,164,184,199,165,236,179,198,179,164,202,199,231,161,209,201,179,185,244,161,175,210,153,185,180,164,165
Value Iteration Rewards,-1591.0,-3544.0,-188.0,-49.0,53.0,74.0,75.0,76.0,78.0,68.0,67.0,75.0,74.0,72.0,73.0,74.0,70.0,76.0,71.0,76.0,74.0,76.0,71.0,76.0,70.0,72.0,79.0,73.0,78.0,76.0,67.0,80.0,75.0,75.0,74.0,72.0,78.0,77.0,76.0,78.0,77.0,79.0,74.0,75.0,75.0,76.0,79.0,-1928.0,79.0,77.0,63.0,73.0,74.0,61.0,79.0,72.0,68.0,77.0,79.0,76.0,78.0,66.0,72.0,77.0,72.0,70.0,70.0,79.0,79.0,75.0,72.0,77.0,59.0,79.0,70.0,77.0,77.0,68.0,80.0,66.0,80.0,77.0,66.0,70.0,78.0,76.0,70.0,75.0,61.0,76.0,73.0,76.0,62.0,67.0,77.0,79.0,77.0,72.0,78.0,76.0,75.0,70.0,79.0,78.0,76.0,79.0,80.0,79.0,62.0,77.0,76.0,78.0,71.0,79.0,78.0,76.0,69.0,80.0,77.0,62.0,76.0,76.0,79.0,78.0,78.0,71.0,76.0,72.0,76.0,66.0,76.0,72.0,80.0,81.0,71.0,75.0,70.0,72.0,72.0,70.0,71.0,75.0,67.0,71.0,76.0,77.0,77.0,65.0,70.0,77.0,74.0,77.0,75.0,79.0,67.0,77.0,72.0,75.0,74.0,66.0,78.0,80.0,73.0,61.0,78.0,77.0,69.0,76.0,71.0,75.0,74.0,76.0,79.0,75.0,68.0,73.0,80.0,77.0,77.0,59.0,72.0,74.0,77.0,70.0,74.0,74.0,71.0,66.0,77.0,80.0,69.0,81.0,71.0,77.0,70.0,77.0,74.0,75.0,65.0,76.0,73.0,72.0,68.0,76.0,70.0,78.0,80.0,81.0,70.0,74.0,73.0,78.0,69.0,68.0,78.0,67.0,74.0,79.0,74.0,75.0,71.0,75.0,72.0,70.0,78.0,80.0,70.0,71.0,72.0,67.0,69.0,68.0,70.0,75.0,76.0,76.0,68.0,66.0,79.0,73.0,69.0,79.0,72.0,74.0,74.0,75.0,76.0,78.0,75.0,72.0,80.0,76.0,76.0,63.0,74.0,71.0,77.0,71.0,67.0,78.0,81.0,74.0,73.0,67.0,70.0,76.0,70.0,68.0,78.0,81.0,80.0,75.0,67.0,72.0,76.0,75.0,67.0,71.0,80.0,72.0,74.0,73.0,73.0,73.0,72.0,75.0,61.0,79.0,76.0,76.0,78.0,75.0,71.0,71.0,71.0,76.0,75.0,71.0,75.0,80.0,78.0,67.0,77.0,71.0,80.0,76.0,71.0,69.0,74.0,78.0,78.0,76.0,77.0,79.0,79.0,77.0,71.0,81.0,80.0,68.0,79.0,78.0,72.0,77.0,71.0,80.0,73.0,78.0,65.0,77.0,74.0,79.0,81.0,76.0,68.0,77.0,77.0,80.0,79.0,-1926.0,76.0,73.0,76.0,78.0,67.0,75.0,76.0,76.0,77.0,54.0,75.0,81.0,73.0,71.0,79.0,79.0,79.0,79.0,79.0,81.0,77.0,78.0,72.0,59.0,78.0,70.0,75.0,81.0,67.0,69.0,75.0,78.0,73.0,78.0,69.0,72.0,76.0,63.0,77.0,77.0,73.0,73.0,79.0,74.0,75.0,74.0,75.0,72.0,79.0,72.0,68.0,64.0,77.0,75.0,78.0,78.0,81.0,72.0,73.0,75.0,78.0,67.0,78.0,75.0,76.0,74.0,77.0,77.0,74.0,75.0,-1923.0,64.0,78.0,75.0,71.0,81.0,81.0,76.0,75.0,73.0,64.0,78.0,78.0,70.0,61.0,71.0,78.0,70.0,71.0,73.0,76.0,75.0,73.0,63.0,77.0,76.0,75.0,75.0,76.0,79.0,78.0,74.0,64.0,79.0,72.0,75.0,77.0,80.0,77.0,79.0,73.0,63.0,79.0,70.0,68.0,72.0,78.0,74.0,78.0,63.0,72.0,76.0,78.0,78.0,77.0,73.0,70.0,79.0,74.0,77.0,60.0,78.0,78.0,75.0,74.0,78.0,80.0,80.0,78.0,69.0,71.0,78.0,71.0,72.0,77.0,74.0,75.0,79.0,64.0,63.0,76.0,69.0,77.0,74.0,72.0,76.0,74.0,67.0,77.0,76.0,67.0,77.0,72.0,74.0,79.0,72.0,76.0,73.0,74.0,61.0,66.0,73.0,79.0,76.0,78.0,74.0,71.0,77.0,71.0,72.0,75.0,66.0,73.0,74.0,75.0,73.0,58.0,73.0,78.0,70.0,80.0,79.0,68.0,72.0,75.0,71.0,74.0,64.0,70.0,77.0,67.0,74.0,74.0,70.0,75.0,80.0,71.0,68.0,74.0,74.0,77.0,76.0,79.0,78.0,74.0,76.0,68.0,71.0,64.0,69.0,70.0,81.0,73.0,80.0,80.0,73.0,71.0,77.0,74.0,72.0,74.0,71.0,78.0,71.0,72.0,73.0,76.0,72.0,68.0,79.0,74.0,73.0,68.0,78.0,80.0,76.0,77.0,71.0,77.0,68.0,75.0,78.0,78.0,74.0,77.0,-1928.0,68.0,81.0,69.0,76.0,77.0,78.0,78.0,78.0,78.0,81.0,72.0,70.0,75.0,77.0,69.0,77.0,75.0,78.0,79.0,75.0,66.0,73.0,77.0,76.0,62.0,75.0,74.0,78.0,71.0,75.0,79.0,70.0,74.0,77.0,67.0,78.0,77.0,81.0,71.0,75.0,73.0,76.0,72.0,79.0,71.0,67.0,66.0,74.0,64.0,77.0,79.0,76.0,65.0,70.0,63.0,76.0,73.0,71.0,78.0,68.0,64.0,71.0,80.0,79.0,64.0,78.0,78.0,74.0,78.0,77.0,77.0,69.0,79.0,76.0,76.0,75.0,74.0,75.0,72.0,76.0,75.0,71.0,77.0,73.0,69.0,76.0,72.0,77.0,72.0,72.0,73.0,75.0,80.0,75.0,68.0,67.0,70.0,77.0,73.0,77.0,76.0,77.0,68.0,79.0,81.0,63.0,68.0,74.0,69.0,78.0,78.0,68.0,76.0,67.0,79.0,71.0,73.0,74.0,75.0,74.0,74.0,70.0,78.0,71.0,71.0,69.0,76.0,65.0,72.0,69.0,79.0,74.0,68.0,65.0,75.0,65.0,77.0,74.0,77.0,68.0,63.0,69.0,78.0,78.0,76.0,73.0,73.0,76.0,78.0,75.0,79.0,72.0,76.0,78.0,75.0,73.0,71.0,77.0,71.0,72.0,65.0,72.0,76.0,75.0,78.0,71.0,73.0,69.0,71.0,72.0,78.0,72.0,71.0,74.0,77.0,79.0,73.0,73.0,70.0,76.0,75.0,73.0,79.0,81.0,64.0,78.0,78.0,77.0,75.0,78.0,71.0,77.0,79.0,73.0,71.0,75.0,65.0,68.0,76.0,75.0,62.0,76.0,71.0,63.0,79.0,77.0,81.0,75.0,77.0,73.0,66.0,80.0,80.0,74.0,77.0,76.0,75.0,70.0,76.0,78.0,75.0,74.0,72.0,76.0,80.0,75.0,76.0,-1926.0,77.0,74.0,76.0,70.0,71.0,73.0,62.0,79.0,75.0,71.0,73.0,70.0,80.0,64.0,77.0,74.0,78.0,-1922.0,76.0,80.0,77.0,72.0,73.0,75.0,70.0,76.0,63.0,77.0,72.0,74.0,65.0,76.0,72.0,61.0,67.0,72.0,78.0,79.0,71.0,72.0,77.0,74.0,68.0,71.0,69.0,74.0,81.0,80.0,75.0,74.0,75.0,71.0,75.0,74.0,77.0,69.0,80.0,77.0,80.0,70.0,72.0,74.0,60.0,75.0,74.0,69.0,73.0,78.0,73.0,69.0,70.0,65.0,78.0,76.0,81.0,81.0,74.0,69.0,71.0,74.0,69.0,81.0,76.0,78.0,69.0,71.0,70.0,76.0,63.0,71.0,77.0,74.0,75.0,71.0,74.0,80.0,76.0,75.0,74.0,69.0,76.0,75.0,78.0,76.0,81.0,74.0,73.0,78.0,68.0,74.0,75.0,78.0,78.0,76.0,73.0,65.0,69.0,73.0,78.0,81.0,72.0,77.0,73.0,72.0,77.0,71.0,81.0,67.0,68.0,77.0,75.0,77.0,73.0,72.0,67.0,78.0,73.0,76.0,75.0,75.0,75.0,78.0,71.0,72.0,74.0,63.0,75.0,71.0,76.0,61.0,74.0,78.0,78.0,75.0,79.0,76.0,81.0,67.0,77.0,63.0,72.0,78.0,73.0,74.0,79.0,64.0,75.0,70.0,77.0,69.0,76.0,75.0,77.0,74.0,69.0,79.0
Policy Iteration Rewards,-3392.0,-13628.0,-4301.0,-699.0,-981.0,-117.0,-481.0,10.0,-104.0,54.0,75.0,71.0,73.0,76.0,74.0,71.0,77.0,81.0,78.0,66.0,73.0,56.0,79.0,66.0,73.0,73.0,79.0,76.0,78.0,79.0,73.0,78.0,72.0,78.0,59.0,70.0,73.0,76.0,75.0,79.0,65.0,73.0,75.0,73.0,71.0,76.0,75.0,78.0,71.0,75.0,78.0,80.0,73.0,74.0,77.0,78.0,75.0,76.0,80.0,78.0,71.0,77.0,74.0,77.0,79.0,74.0,79.0,72.0,79.0,77.0,70.0,72.0,63.0,73.0,62.0,75.0,76.0,77.0,79.0,77.0,76.0,71.0,81.0,73.0,75.0,80.0,81.0,77.0,75.0,74.0,71.0,77.0,65.0,70.0,77.0,81.0,79.0,68.0,74.0,71.0,80.0,73.0,69.0,76.0,74.0,71.0,81.0,76.0,73.0,78.0,80.0,75.0,74.0,73.0,79.0,78.0,79.0,69.0,81.0,69.0,74.0,79.0,80.0,73.0,81.0,75.0,74.0,71.0,75.0,74.0,71.0,77.0,80.0,77.0,78.0,71.0,76.0,75.0,63.0,71.0,68.0,68.0,78.0,75.0,75.0,79.0,72.0,76.0,72.0,73.0,80.0,78.0,78.0,80.0,63.0,76.0,64.0,72.0,76.0,75.0,76.0,77.0,75.0,70.0,69.0,72.0,75.0,78.0,76.0,76.0,74.0,79.0,78.0,64.0,71.0,75.0,78.0,70.0,74.0,73.0,77.0,77.0,76.0,78.0,79.0,75.0,67.0,76.0,70.0,72.0,79.0,78.0,70.0,72.0,75.0,71.0,71.0,70.0,79.0,80.0,66.0,78.0,79.0,77.0,75.0,67.0,76.0,70.0,77.0,70.0,77.0,73.0,59.0,77.0,72.0,81.0,77.0,73.0,79.0,77.0,71.0,74.0,70.0,78.0,74.0,73.0,76.0,79.0,76.0,80.0,69.0,72.0,73.0,71.0,78.0,79.0,76.0,-1933.0,71.0,81.0,73.0,75.0,71.0,75.0,74.0,75.0,79.0,70.0,79.0,70.0,74.0,74.0,65.0,70.0,67.0,69.0,77.0,66.0,72.0,79.0,70.0,77.0,76.0,78.0,72.0,65.0,76.0,74.0,76.0,78.0,73.0,72.0,76.0,67.0,75.0,75.0,69.0,80.0,76.0,72.0,71.0,70.0,70.0,69.0,76.0,80.0,78.0,74.0,79.0,63.0,77.0,67.0,66.0,70.0,72.0,74.0,71.0,71.0,76.0,69.0,77.0,73.0,75.0,79.0,63.0,70.0,79.0,77.0,78.0,74.0,64.0,78.0,78.0,66.0,81.0,60.0,80.0,69.0,74.0,72.0,75.0,70.0,74.0,77.0,77.0,73.0,75.0,68.0,76.0,79.0,61.0,67.0,76.0,73.0,68.0,75.0,76.0,74.0,72.0,64.0,73.0,70.0,80.0,76.0,69.0,78.0,70.0,78.0,78.0,77.0,78.0,69.0,81.0,60.0,78.0,68.0,76.0,76.0,74.0,71.0,78.0,73.0,65.0,69.0,70.0,71.0,72.0,67.0,76.0,79.0,74.0,70.0,64.0,75.0,69.0,73.0,77.0,77.0,71.0,69.0,74.0,70.0,70.0,77.0,77.0,79.0,80.0,79.0,80.0,73.0,78.0,73.0,70.0,72.0,75.0,71.0,76.0,80.0,80.0,76.0,71.0,76.0,72.0,68.0,78.0,77.0,70.0,74.0,65.0,74.0,76.0,74.0,79.0,71.0,73.0,71.0,77.0,73.0,75.0,78.0,80.0,68.0,69.0,73.0,75.0,80.0,69.0,71.0,76.0,72.0,77.0,74.0,81.0,72.0,69.0,76.0,71.0,76.0,71.0,77.0,77.0,76.0,77.0,71.0,76.0,68.0,74.0,76.0,74.0,71.0,78.0,78.0,76.0,79.0,75.0,76.0,74.0,78.0,77.0,73.0,76.0,65.0,73.0,79.0,74.0,72.0,75.0,76.0,75.0,70.0,77.0,64.0,73.0,65.0,75.0,72.0,67.0,72.0,78.0,71.0,74.0,79.0,72.0,78.0,74.0,67.0,66.0,80.0,74.0,73.0,65.0,77.0,70.0,72.0,81.0,79.0,78.0,70.0,72.0,78.0,66.0,79.0,74.0,70.0,72.0,75.0,73.0,75.0,69.0,78.0,71.0,75.0,75.0,73.0,79.0,69.0,71.0,79.0,77.0,76.0,71.0,77.0,77.0,74.0,79.0,74.0,79.0,74.0,63.0,73.0,78.0,77.0,79.0,73.0,74.0,69.0,77.0,77.0,-5938.0,67.0,66.0,72.0,74.0,77.0,68.0,76.0,79.0,73.0,73.0,68.0,70.0,74.0,72.0,70.0,75.0,66.0,73.0,70.0,72.0,74.0,72.0,72.0,77.0,70.0,70.0,75.0,72.0,78.0,68.0,-1928.0,67.0,75.0,75.0,78.0,70.0,79.0,70.0,78.0,77.0,73.0,73.0,61.0,77.0,76.0,79.0,78.0,75.0,79.0,75.0,66.0,75.0,77.0,76.0,74.0,68.0,71.0,68.0,75.0,73.0,73.0,-1926.0,78.0,79.0,70.0,73.0,74.0,68.0,76.0,67.0,69.0,73.0,68.0,63.0,78.0,74.0,79.0,79.0,78.0,75.0,76.0,66.0,70.0,79.0,73.0,76.0,80.0,76.0,68.0,72.0,75.0,67.0,80.0,78.0,78.0,78.0,78.0,79.0,78.0,74.0,76.0,72.0,68.0,80.0,75.0,79.0,68.0,65.0,75.0,75.0,80.0,66.0,80.0,68.0,75.0,58.0,79.0,78.0,74.0,64.0,78.0,75.0,71.0,78.0,74.0,75.0,72.0,77.0,74.0,78.0,75.0,67.0,76.0,65.0,76.0,81.0,75.0,76.0,76.0,79.0,79.0,61.0,77.0,75.0,-7931.0,79.0,69.0,69.0,73.0,70.0,77.0,73.0,72.0,71.0,78.0,79.0,78.0,63.0,70.0,74.0,75.0,73.0,69.0,78.0,76.0,79.0,68.0,73.0,79.0,78.0,76.0,79.0,72.0,77.0,79.0,74.0,76.0,74.0,79.0,74.0,72.0,76.0,76.0,74.0,80.0,77.0,81.0,75.0,71.0,66.0,76.0,74.0,81.0,77.0,65.0,77.0,76.0,73.0,78.0,78.0,73.0,75.0,70.0,75.0,71.0,61.0,74.0,74.0,80.0,74.0,73.0,69.0,77.0,76.0,73.0,71.0,76.0,74.0,72.0,72.0,74.0,79.0,79.0,80.0,70.0,74.0,70.0,69.0,71.0,77.0,70.0,71.0,65.0,79.0,69.0,75.0,79.0,68.0,80.0,59.0,68.0,71.0,77.0,77.0,72.0,77.0,76.0,67.0,69.0,76.0,74.0,69.0,77.0,76.0,79.0,75.0,72.0,76.0,67.0,72.0,74.0,75.0,71.0,76.0,71.0,70.0,70.0,70.0,81.0,81.0,79.0,81.0,79.0,73.0,78.0,71.0,78.0,74.0,76.0,67.0,72.0,78.0,76.0,77.0,77.0,74.0,76.0,76.0,76.0,76.0,77.0,70.0,71.0,72.0,73.0,73.0,75.0,77.0,71.0,76.0,75.0,77.0,68.0,69.0,73.0,70.0,72.0,70.0,73.0,78.0,75.0,73.0,65.0,74.0,73.0,74.0,70.0,74.0,79.0,72.0,69.0,78.0,76.0,67.0,79.0,76.0,73.0,77.0,80.0,68.0,79.0,76.0,71.0,72.0,80.0,73.0,71.0,77.0,73.0,73.0,62.0,75.0,76.0,79.0,77.0,68.0,66.0,76.0,73.0,75.0,80.0,78.0,60.0,78.0,75.0,72.0,71.0,55.0,71.0,74.0,61.0,69.0,77.0,73.0,74.0,76.0,66.0,74.0,68.0,68.0,74.0,78.0,68.0,66.0,72.0,74.0,71.0,75.0,81.0,74.0,68.0,-1922.0,75.0,81.0,74.0,76.0,72.0,76.0,76.0,72.0,76.0,76.0,71.0,80.0,77.0,79.0,74.0,68.0,81.0,74.0,68.0,81.0,68.0,72.0,72.0,79.0,76.0,73.0,76.0,76.0,79.0,73.0,72.0,74.0,75.0,79.0,77.0,68.0,67.0,73.0,77.0,73.0,68.0,77.0,73.0,74.0,73.0,65.0,72.0,81.0,75.0,74.0,77.0,73.0,73.0,79.0,75.0,79.0,79.0,79.0,68.0,74.0,79.0,75.0,70.0,73.0,76.0,76.0,78.0,76.0,72.0,81.0,72.0,75.0,73.0,74.0,76.0,75.0,74.0,77.0,72.0
Q Learning Rewards,-10188.0,-62.0,-280.0,-24545.0,-287.0,-106.0,-4202.0,-26.0,-2133.0,-105.0,-4003.0,-8647.0,-216.0,-7981.0,55.0,41.0,-84.0,-8.0,6.0,6.0,-6.0,-25.0,29.0,66.0,-1.0,47.0,14.0,51.0,24.0,63.0,14.0,-1950.0,-177.0,48.0,-304.0,34.0,-6460.0,56.0,56.0,70.0,43.0,60.0,39.0,63.0,58.0,65.0,-19.0,49.0,20.0,32.0,57.0,75.0,66.0,51.0,-9.0,40.0,61.0,49.0,73.0,54.0,-156.0,-3.0,52.0,56.0,-25.0,29.0,62.0,18.0,-152.0,73.0,63.0,-7.0,42.0,60.0,-2257.0,-10.0,66.0,64.0,73.0,-1948.0,48.0,-36.0,25.0,-46.0,-2072.0,-132.0,-164.0,32.0,40.0,55.0,61.0,74.0,55.0,57.0,35.0,63.0,11.0,45.0,41.0,55.0,51.0,4.0,18.0,23.0,60.0,-8008.0,-7988.0,12.0,37.0,-23.0,20.0,10.0,-2059.0,-81.0,-1950.0,44.0,44.0,-6.0,70.0,44.0,-225.0,-64.0,41.0,43.0,21.0,-6013.0,65.0,59.0,66.0,64.0,-50.0,17.0,-9.0,50.0,5.0,79.0,56.0,44.0,-39.0,65.0,29.0,27.0,41.0,56.0,47.0,71.0,24.0,40.0,55.0,-38.0,6.0,44.0,-56.0,-29.0,70.0,24.0,46.0,-75.0,50.0,73.0,27.0,-8121.0,67.0,39.0,-4102.0,76.0,48.0,10.0,60.0,-21.0,53.0,69.0,-53.0,35.0,0.0,73.0,71.0,37.0,64.0,78.0,-112.0,12.0,-36.0,-94.0,39.0,-22.0,5.0,-241.0,-1948.0,16.0,58.0,49.0,55.0,61.0,61.0,-100.0,-3978.0,-164.0,51.0,27.0,66.0,26.0,50.0,-112.0,-57.0,-8003.0,20.0,-10.0,15.0,78.0,52.0,44.0,32.0,35.0,-14.0,58.0,48.0,27.0,63.0,37.0,-100.0,37.0,-18.0,-4.0,41.0,-5.0,49.0,74.0,-31.0,-132.0,57.0,0.0,-2000.0,67.0,-2207.0,-4241.0,-141.0,30.0,66.0,-110.0,63.0,46.0,-16064.0,41.0,68.0,71.0,16.0,49.0,31.0,55.0,64.0,-1937.0,65.0,-1999.0,57.0,43.0,-10062.0,39.0,-2322.0,48.0,43.0,74.0,63.0,24.0,58.0,59.0,-24.0,21.0,43.0,-9.0,35.0,-5.0,52.0,31.0,39.0,2.0,-6.0,70.0,62.0,55.0,-149.0,30.0,-4022.0,14.0,38.0,40.0,56.0,49.0,16.0,22.0,-1987.0,59.0,46.0,53.0,-202.0,59.0,41.0,-99.0,-30.0,51.0,6.0,34.0,40.0,22.0,-4.0,-42.0,-16.0,47.0,39.0,36.0,6.0,22.0,74.0,62.0,-2.0,34.0,36.0,-15947.0,27.0,7.0,42.0,54.0,-4.0,56.0,42.0,59.0,18.0,35.0,-17.0,75.0,61.0,-47.0,69.0,38.0,-4364.0,59.0,67.0,44.0,-2073.0,60.0,19.0,70.0,46.0,-165.0,44.0,68.0,53.0,-5.0,55.0,-2047.0,-1975.0,32.0,-4.0,2.0,26.0,-1954.0,20.0,72.0,57.0,40.0,38.0,30.0,31.0,8.0,32.0,68.0,70.0,60.0,51.0,23.0,-4001.0,35.0,65.0,-18.0,-2.0,26.0,32.0,57.0,68.0,68.0,33.0,58.0,21.0,65.0,50.0,47.0,-66.0,34.0,62.0,40.0,-6346.0,61.0,66.0,60.0,-55.0,69.0,32.0,-43.0,48.0,68.0,-10023.0,47.0,71.0,-1963.0,14.0,51.0,73.0,-108.0,-7.0,3.0,-65.0,29.0,25.0,-2.0,7.0,58.0,-5957.0,-108.0,50.0,7.0,68.0,45.0,46.0,-225.0,63.0,39.0,-4049.0,48.0,21.0,49.0,-23.0,-16.0,38.0,65.0,63.0,55.0,26.0,54.0,-15.0,53.0,78.0,57.0,58.0,23.0,-3938.0,-9.0,-11955.0,-12.0,64.0,29.0,-5934.0,-1966.0,-90.0,46.0,70.0,-8030.0,68.0,38.0,-6315.0,65.0,-1967.0,51.0,-1967.0,-11939.0,39.0,48.0,58.0,-17.0,42.0,-119.0,20.0,58.0,73.0,72.0,-28.0,-3998.0,20.0,49.0,68.0,73.0,37.0,-23.0,-5.0,67.0,57.0,-20.0,-2.0,14.0,26.0,39.0,19.0,7.0,78.0,-4119.0,-5953.0,55.0,54.0,76.0,-1959.0,-61.0,-133.0,5.0,52.0,63.0,67.0,56.0,49.0,55.0,31.0,-8113.0,24.0,-5.0,37.0,46.0,2.0,-1.0,34.0,12.0,47.0,13.0,66.0,39.0,63.0,-13657.0,42.0,-175.0,-495.0,50.0,39.0,7.0,57.0,74.0,-5964.0,75.0,48.0,61.0,73.0,-22.0,32.0,55.0,54.0,34.0,8.0,67.0,-3960.0,-201.0,50.0,64.0,45.0,67.0,65.0,66.0,51.0,52.0,33.0,-137.0,65.0,63.0,62.0,9.0,63.0,31.0,25.0,48.0,-23.0,51.0,67.0,-125.0,46.0,26.0,-7973.0,-1967.0,61.0,59.0,11.0,62.0,53.0,31.0,5.0,52.0,19.0,63.0,32.0,28.0,49.0,19.0,5.0,63.0,-1936.0,65.0,29.0,22.0,43.0,-3.0,9.0,69.0,-28.0,64.0,-1.0,72.0,50.0,56.0,21.0,33.0,45.0,36.0,-51.0,79.0,69.0,50.0,53.0,66.0,30.0,51.0,22.0,56.0,-30.0,66.0,9.0,53.0,43.0,41.0,-29.0,55.0,64.0,60.0,27.0,24.0,68.0,-1.0,-30.0,53.0,-36.0,37.0,38.0,-312.0,-17.0,-2012.0,47.0,-53.0,19.0,-169.0,3.0,-1.0,43.0,62.0,62.0,50.0,-5.0,4.0,23.0,53.0,10.0,59.0,70.0,58.0,73.0,68.0,21.0,23.0,75.0,58.0,73.0,-112.0,-15.0,53.0,-50.0,65.0,52.0,16.0,65.0,50.0,-113.0,13.0,51.0,30.0,61.0,9.0,-32.0,62.0,72.0,41.0,-119.0,-7963.0,3.0,-3929.0,60.0,-2138.0,-1970.0,39.0,-133.0,2.0,-1944.0,-359.0,-21.0,24.0,-4008.0,-206.0,21.0,2.0,18.0,3.0,-4115.0,73.0,-246.0,64.0,-98.0,33.0,-18.0,40.0,49.0,69.0,-4.0,68.0,42.0,-123.0,40.0,21.0,70.0,48.0,64.0,72.0,53.0,44.0,48.0,11.0,20.0,44.0,33.0,39.0,74.0,37.0,51.0,-56.0,37.0,-5.0,61.0,17.0,-46.0,54.0,69.0,-1988.0,63.0,46.0,14.0,-104.0,-47.0,25.0,2.0,50.0,-3999.0,44.0,15.0,75.0,67.0,28.0,38.0,23.0,10.0,-58.0,29.0,54.0,65.0,-1954.0,-3983.0,54.0,9.0,39.0,-20.0,73.0,-1941.0,5.0,0.0,28.0,10.0,46.0,60.0,-9995.0,-24.0,57.0,70.0,18.0,-3.0,64.0,71.0,19.0,61.0,37.0,36.0,72.0,64.0,70.0,49.0,75.0,24.0,60.0,55.0,31.0,-59.0,-2100.0,-1983.0,22.0,66.0,54.0,62.0,29.0,34.0,44.0,-4002.0,63.0,76.0,42.0,-204.0,37.0,52.0,31.0,67.0,-3941.0,33.0,61.0,41.0,67.0,65.0,56.0,61.0,8.0,-67.0,60.0,57.0,24.0,-6037.0,68.0,-101.0,-1944.0,44.0,54.0,66.0,22.0,62.0,69.0,56.0,-5939.0,-110.0,28.0,39.0,60.0,-710.0,-11.0,50.0,23.0,69.0,68.0,-26.0,55.0,74.0,-3.0,38.0,61.0,38.0,-80.0,58.0,51.0,50.0,42.0,60.0,52.0,-90.0,-2.0,25.0,74.0,-12.0,-52.0,-56.0,27.0,-2041.0,46.0,46.0,-54.0,2.0,-14.0,46.0,63.0,60.0,65.0,16.0,57.0,45.0,-360.0,68.0,31.0,-2042.0,57.0,58.0,-65.0,-1952.0,69.0,37.0,37.0,43.0,68.0,63.0,-64.0,-27.0,71.0,-8.0,25.0,-54.0,-1971.0,73.0,75.0,31.0,67.0,53.0,48.0,58.0,-296.0,22.0,63.0,51.0,60.0,76.0,38.0,77.0,9.0,67.0,72.0,20.0,41.0,11.0,38.0,44.0,-15.0,66.0,-6.0,55.0,73.0,58.0,-10.0,61.0,21.0,-34.0,-30.0,66.0,-4006.0,72.0,-20019.0,-25.0,65.0,-44.0,50.0,58.0,51.0,68.0,11.0,-50.0,-25.0,-5.0,-1961.0,59.0,39.0,67.0,-289.0,44.0,73.0,-8.0,69.0,-1957.0,-16.0,64.0,-1992.0,73.0,-5975.0,58.0,-87.0,69.0,-36.0,-16.0,-168.0,64.0,-2024.0,62.0,-36.0,67.0,-36.0,39.0,49.0,-1943.0,58.0,54.0,-1934.0,60.0,58.0,-36.0,65.0,69.0,17.0,63.0,26.0,-190.0,53.0
